"FishCode","FishDesc","Consigned","Sold","LowPrice","AvgPrice","HighPrice","MonthNum","YearNum"
"CADM","Cod | market","","5259","2.06","3.13","4.77","1","2023"
"CADS","Cod | scrod","","72","1.21","1.78","2.73","1","2023"
"HDDL","Haddock | large","","12909","1.88","2.32","2.89","1","2023"
"HDDP","Haddock | snapper","","474","0.98","1.68","2","1","2023"
"HDDS","Haddock | scrod","","28948","1.54","2.08","2.8","1","2023"
"CADM","Cod | market","","3305","1.63","2.3","4.12","2","2023"
"CADS","Cod | scrod","","6","0.9","1.02","1.13","2","2023"
"HDDL","Haddock | large","","18478","1.54","2.01","2.82","2","2023"
"HDDP","Haddock | snapper","","65","1","1.06","1.07","2","2023"
"HDDS","Haddock | scrod","","23443","1.34","1.65","2.27","2","2023"
"CADM","Cod | market","","16229","1.7","1.91","2.99","3","2023"
"CADS","Cod | scrod","","19","1.03","1.17","1.19","3","2023"
"HDDL","Haddock | large","","18158","1.47","1.95","2.25","3","2023"
"HDDP","Haddock | snapper","","193","0.89","0.97","1.04","3","2023"
"HDDS","Haddock | scrod","","29752","1.25","1.51","1.86","3","2023"
"CADM","Cod | market","","5202","1.5","1.99","2.55","4","2023"
"CADS","Cod | scrod","","351","0.99","1.14","1.4","4","2023"
"HDDL","Haddock | large","","11298","1.69","2.17","2.73","4","2023"
"HDDP","Haddock | snapper","","399","0.78","0.99","1.09","4","2023"
"HDDS","Haddock | scrod","","29835","1.36","1.54","2.39","4","2023"
"CADM","Cod | market","","1140","1.95","2.81","5.47","5","2023"
"CADS","Cod | scrod","","6","1.55","1.62","1.69","5","2023"
"HDDL","Haddock | large","","2245","2.59","2.99","4.67","5","2023"
"HDDP","Haddock | snapper","","119","1.11","1.11","1.12","5","2023"
"HDDS","Haddock | scrod","","3129","2.31","2.51","4.27","5","2023"
"CADM","Cod | market","","4542","2.19","2.56","2.75","6","2023"
"CADS","Cod | scrod","","31","1.49","1.68","1.7","6","2023"
"HDDL","Haddock | large","","6798","2.1","2.47","3.15","6","2023"
"HDDP","Haddock | snapper","","588","0.9","1.17","1.76","6","2023"
"HDDS","Haddock | scrod","","22329","1.62","2.04","2.81","6","2023"
"CADM","Cod | market","","1069","2.51","3.21","5.07","7","2023"
"CADS","Cod | scrod","","15","1.11","1.62","2.21","7","2023"
"HDDL","Haddock | large","","13368","2.25","2.88","4.97","7","2023"
"HDDP","Haddock | snapper","","523","1.39","1.58","1.91","7","2023"
"HDDS","Haddock | scrod","","14816","2.02","2.63","3.92","7","2023"
"CADM","Cod | market","","1196","2.08","3.5","5.72","8","2023"
"CADS","Cod | scrod","","27","1.69","1.7","1.76","8","2023"
"HDDL","Haddock | large","","11092","1.89","2.46","3.82","8","2023"
"HDDP","Haddock | snapper","","534","0.79","1.39","1.76","8","2023"
"HDDS","Haddock | scrod","","20984","1.53","2.23","2.97","8","2023"
"CADM","Cod | market","","1396","2.01","3.19","5.32","9","2023"
"CADS","Cod | scrod","","78","1.49","1.64","1.82","9","2023"
"HDDL","Haddock | large","","7849","1.78","2.45","3.12","9","2023"
"HDDP","Haddock | snapper","","357","0.9","1.13","1.33","9","2023"
"HDDS","Haddock | scrod","","18825","1.6","1.99","3.09","9","2023"
"CADM","Cod | market","","3659","1.51","2.32","3.77","10","2023"
"CADS","Cod | scrod","","40","1.03","1.15","1.65","10","2023"
"HDDL","Haddock | large","","8047","1.32","2","3.01","10","2023"
"HDDP","Haddock | snapper","","113","0.95","1.25","1.32","10","2023"
"HDDS","Haddock | scrod","","15323","1.1","1.73","3","10","2023"
"CADM","Cod | market","","2327","2.02","2.62","4.22","11","2023"
"CADS","Cod | scrod","","9","1.53","1.59","1.71","11","2023"
"HDDL","Haddock | large","","5779","1.38","1.97","2.95","11","2023"
"HDDP","Haddock | snapper","","2","1.19","1.19","1.19","11","2023"
"HDDS","Haddock | scrod","","10520","1.08","1.58","2","11","2023"
"CADM","Cod | market","","3552","2.5","2.98","4.67","12","2023"
"CADS","Cod | scrod","","41","1.56","1.72","1.94","12","2023"
"HDDL","Haddock | large","","10121","1.71","2.84","4.92","12","2023"
"HDDP","Haddock | snapper","","273","1.25","1.27","1.29","12","2023"
"HDDS","Haddock | scrod","","23789","1.19","2.02","3.77","12","2023"
"CADM","Cod | market","","1923","2.48","3.14","3.67","1","2022"
"CADS","Cod | scrod","","6","1.93","2.12","2.3","1","2022"
"HDDL","Haddock | large","","3239","1.6","2.18","3.18","1","2022"
"HDDP","Haddock | snapper","","64","1.1","1.14","1.35","1","2022"
"HDDS","Haddock | scrod","","7484","1.23","1.94","2.95","1","2022"
"CADM","Cod | market","","534","2.31","2.75","3.52","2","2022"
"HDDL","Haddock | large","","3400","1.75","2.18","2.85","2","2022"
"HDDP","Haddock | snapper","","182","0.98","2.21","2.24","2","2022"
"HDDS","Haddock | scrod","","3617","1.45","2.66","3.42","2","2022"
"CADM","Cod | market","","5286","1.84","2.01","3.09","3","2022"
"CADS","Cod | scrod","","57","1.63","1.63","1.63","3","2022"
"HDDL","Haddock | large","","3071","2.29","2.64","3.13","3","2022"
"HDDP","Haddock | snapper","","286","0.94","0.97","1.38","3","2022"
"HDDS","Haddock | scrod","","10545","1.69","2.31","2.49","3","2022"
"CADM","Cod | market","","682","2","2.86","3.09","4","2022"
"CADS","Cod | scrod","","4","1.5","1.5","1.5","4","2022"
"HDDL","Haddock | large","","424","2.9","3.1","3.87","4","2022"
"HDDP","Haddock | snapper","","15","1.2","1.2","1.2","4","2022"
"HDDS","Haddock | scrod","","887","2.05","2.8","2.97","4","2022"
"CADM","Cod | market","","39","2.96","2.96","2.96","5","2022"
"HDDL","Haddock | large","","95","2.02","2.67","2.8","5","2022"
"HDDS","Haddock | scrod","","210","1.72","2.04","2.07","5","2022"
"CADM","Cod | market","","2153","2.7","3.16","3.42","6","2022"
"CADS","Cod | scrod","","11","2.37","2.37","2.37","6","2022"
"HDDL","Haddock | large","","104","2.16","2.55","3.37","6","2022"
"HDDS","Haddock | scrod","","194","1.84","1.94","2.47","6","2022"
"CADM","Cod | market","","1354","2.49","3.59","5.42","7","2022"
"HDDL","Haddock | large","","5524","1.91","2.38","3.27","7","2022"
"HDDS","Haddock | scrod","","7411","1.8","2.04","3.32","7","2022"
"CADM","Cod | market","","1356","3.14","3.71","4.91","8","2022"
"CADS","Cod | scrod","","2","2.13","2.13","2.13","8","2022"
"HDDL","Haddock | large","","11669","1.4","2.39","3.67","8","2022"
"HDDP","Haddock | snapper","","166","0.96","1.45","1.84","8","2022"
"HDDS","Haddock | scrod","","19914","1.75","2.5","3.18","8","2022"
"CADM","Cod | market","","1469","2.89","3.97","5.26","9","2022"
"CADS","Cod | scrod","","21","1.99","2.4","2.55","9","2022"
"HDDL","Haddock | large","","4878","2.76","3.2","4.97","9","2022"
"HDDP","Haddock | snapper","","145","0.97","1.23","1.39","9","2022"
"HDDS","Haddock | scrod","","13191","2.08","2.93","4.02","9","2022"
"CADM","Cod | market","","1818","2.52","3.57","4.37","10","2022"
"CADS","Cod | scrod","","11","1.89","1.96","1.99","10","2022"
"HDDL","Haddock | large","","8671","2.2","2.7","3.92","10","2022"
"HDDP","Haddock | snapper","","393","0.79","1.14","1.69","10","2022"
"HDDS","Haddock | scrod","","22071","2.01","2.63","3.62","10","2022"
"CADM","Cod | market","","1348","2","3.4","4.86","11","2022"
"CADS","Cod | scrod","","3","0.71","0.71","0.71","11","2022"
"HDDL","Haddock | large","","5651","1.92","2.65","4.02","11","2022"
"HDDP","Haddock | snapper","","181","0.8","1.22","1.45","11","2022"
"HDDS","Haddock | scrod","","12707","1.84","2.33","3.03","11","2022"
"CADM","Cod | market","","4370","2.7","4.44","8.27","12","2022"
"CADS","Cod | scrod","","78","1.69","2.31","3.17","12","2022"
"HDDL","Haddock | large","","8136","2.29","3.29","7.17","12","2022"
"HDDP","Haddock | snapper","","127","0.86","1.45","3.37","12","2022"
"HDDS","Haddock | scrod","","13372","1.85","2.8","5.02","12","2022"
"CADM","Cod | market","","1655","2.49","3.99","4.92","1","2021"
"CADS","Cod | scrod","","15","2.11","2.11","2.11","1","2021"
"HDDL","Haddock | large","","2618","1.41","1.95","2.49","1","2021"
"HDDP","Haddock | snapper","","973","0.5","0.74","1.33","1","2021"
"HDDS","Haddock | scrod","","19800","1.03","1.39","2.51","1","2021"
"CADM","Cod | market","","1090","2.05","2.41","3","2","2021"
"HDDL","Haddock | large","","1379","1.54","1.99","2.21","2","2021"
"HDDP","Haddock | snapper","","222","0.7","1.17","1.37","2","2021"
"HDDS","Haddock | scrod","","5589","1.16","1.64","1.98","2","2021"
"CADM","Cod | market","","1564","2.01","2.76","3.97","3","2021"
"CADS","Cod | scrod","","6","1.65","1.92","2.19","3","2021"
"HDDL","Haddock | large","","3703","1.59","2.15","2.52","3","2021"
"HDDP","Haddock | snapper","","1062","0.48","0.71","1.36","3","2021"
"HDDS","Haddock | scrod","","18573","0.92","1.3","2.52","3","2021"
"CADM","Cod | market","","2129","2.41","3.09","3.72","4","2021"
"CADS","Cod | scrod","","6","1.75","1.75","1.75","4","2021"
"HDDL","Haddock | large","","2720","1.95","2.63","3.11","4","2021"
"HDDP","Haddock | snapper","","569","0.59","1.01","1.5","4","2021"
"HDDS","Haddock | scrod","","3584","1.47","1.89","2.68","4","2021"
"CADM","Cod | market","","663","2.49","2.57","2.67","5","2021"
"HDDL","Haddock | large","","756","2.01","2.54","2.92","5","2021"
"HDDP","Haddock | snapper","","44","0.95","0.96","0.97","5","2021"
"HDDS","Haddock | scrod","","2743","1.78","2.47","2.77","5","2021"
"CADM","Cod | market","","901","1.98","3.24","4.97","6","2021"
"HDDL","Haddock | large","","899","2.19","2.66","3.25","6","2021"
"HDDP","Haddock | snapper","","25","0.6","0.68","0.69","6","2021"
"HDDS","Haddock | scrod","","2308","1.49","2.06","2.61","6","2021"
"CADM","Cod | market","","1430","2.96","3.46","3.96","7","2021"
"HDDL","Haddock | large","","1048","2.17","3.08","3.92","7","2021"
"HDDP","Haddock | snapper","","38","0.49","0.73","0.75","7","2021"
"HDDS","Haddock | scrod","","2417","1.04","2.05","2.95","7","2021"
"CADM","Cod | market","","3039","1.75","3.43","4.01","8","2021"
"CADS","Cod | scrod","","3","1.72","1.72","1.72","8","2021"
"HDDL","Haddock | large","","5995","1.5","2.49","2.81","8","2021"
"HDDP","Haddock | snapper","","69","0.5","1.58","1.99","8","2021"
"HDDS","Haddock | scrod","","6451","1.29","2.46","2.8","8","2021"
"CADM","Cod | market","","5317","1.99","2.5","4.57","9","2021"
"CADS","Cod | scrod","","8","1.24","1.24","1.24","9","2021"
"HDDL","Haddock | large","","5333","1.87","2.14","2.78","9","2021"
"HDDP","Haddock | snapper","","67","0.64","0.81","0.98","9","2021"
"HDDS","Haddock | scrod","","9422","1.44","1.89","2.48","9","2021"
"CADM","Cod | market","","1622","2.33","3.07","4.42","10","2021"
"HDDL","Haddock | large","","5739","1.94","2.17","2.66","10","2021"
"HDDP","Haddock | snapper","","36","0.75","0.78","0.79","10","2021"
"HDDS","Haddock | scrod","","13032","1.39","1.91","2.5","10","2021"
"CADM","Cod | market","","3201","2.31","2.94","4.37","11","2021"
"CADS","Cod | scrod","","18","1.59","1.68","1.87","11","2021"
"HDDL","Haddock | large","","1793","1.89","2.27","3.17","11","2021"
"HDDP","Haddock | snapper","","36","0.52","1.03","1.47","11","2021"
"HDDS","Haddock | scrod","","5607","1.56","2.1","2.87","11","2021"
"CADM","Cod | market","","2661","2.72","3.71","6.06","12","2021"
"CADS","Cod | scrod","","8","2.07","2.11","2.14","12","2021"
"HDDL","Haddock | large","","5376","1.93","2.51","2.98","12","2021"
"HDDP","Haddock | snapper","","76","1.08","1.59","1.9","12","2021"
"HDDS","Haddock | scrod","","18144","1.52","2.48","2.81","12","2021"
"CADM","Cod | market","2600","2204","2.48","3.63","4.62","1","2020"
"CADS","Cod | scrod","96","9","0","1.65","1.65","1","2020"
"HDDL","Haddock | large","1595","1595","1.6","2.6","4.47","1","2020"
"HDDP","Haddock | snapper","326","326","0.5","0.95","1.16","1","2020"
"HDDS","Haddock | scrod","10291","10208","1.12","1.56","2.67","1","2020"
"CADM","Cod | market","1169","1169","2.17","2.97","3.57","2","2020"
"CADS","Cod | scrod","3","3","1.23","1.23","1.23","2","2020"
"HDDL","Haddock | large","1442","1442","1.99","2.3","2.71","2","2020"
"HDDP","Haddock | snapper","169","169","0.5","0.8","0.93","2","2020"
"HDDS","Haddock | scrod","5192","4786","1.58","1.78","1.92","2","2020"
"CADM","Cod | market","1107","769","0","2.5","3.52","3","2020"
"CADS","Cod | scrod","4","0","0","0","0","3","2020"
"HDDL","Haddock | large","1635","1606","0","1.97","2.51","3","2020"
"HDDP","Haddock | snapper","221","78","0","0.55","0.84","3","2020"
"HDDS","Haddock | scrod","3491","3491","1.2","1.6","2.17","3","2020"
"CADM","Cod | market","4009","2926","0","2.22","3.3","4","2020"
"CADS","Cod | scrod","14","2","0","1.25","1.25","4","2020"
"HDDL","Haddock | large","2099","2099","1.65","2.48","3.19","4","2020"
"HDDP","Haddock | snapper","320","100","0","0.99","1.28","4","2020"
"HDDS","Haddock | scrod","3331","3245","0","1.89","2.26","4","2020"
"CADM","Cod | market","349","406","2.5","2.56","3.07","5","2020"
"HDDL","Haddock | large","1004","1014","0","2.68","2.82","5","2020"
"HDDP","Haddock | snapper","43","34","0.76","0.88","0.96","5","2020"
"HDDS","Haddock | scrod","2614","2621","0","1.94","2.09","5","2020"
"CADM","Cod | market","2947","2947","2.49","3.21","3.92","6","2020"
"CADS","Cod | scrod","37","26","0","2.16","2.68","6","2020"
"HDDL","Haddock | large","1108","1078","0","2.5","3.62","6","2020"
"HDDP","Haddock | snapper","1935","1717","0","0.66","0.8","6","2020"
"HDDS","Haddock | scrod","10529","7430","0","1.51","2.08","6","2020"
"CADM","Cod | market","2303","2096","2.24","3.33","4.07","7","2020"
"CADS","Cod | scrod","26","3","0","1.65","1.65","7","2020"
"HDDL","Haddock | large","2615","2276","1.99","2.88","4.61","7","2020"
"HDDP","Haddock | snapper","446","229","0","0.74","0.9","7","2020"
"HDDS","Haddock | scrod","10761","8797","0","1.35","1.89","7","2020"
"CADM","Cod | market","485","1168","2.26","3.34","5.02","8","2020"
"CADS","Cod | scrod","3","0","0","0","0","8","2020"
"HDDL","Haddock | large","3924","4621","0","2.07","2.65","8","2020"
"HDDP","Haddock | snapper","495","522","0","0.91","1.2","8","2020"
"HDDS","Haddock | scrod","9928","11028","0","1.61","2.01","8","2020"
"CADM","Cod | market","","2005","0","3.54","4.01","9","2020"
"HDDL","Haddock | large","","8890","1.65","2.15","2.83","9","2020"
"HDDP","Haddock | snapper","","655","0","0.96","1.01","9","2020"
"HDDS","Haddock | scrod","","21190","0","1.71","2.06","9","2020"
"CADM","Cod | market","","2668","0","2.59","4.02","10","2020"
"CADS","Cod | scrod","","3","0","1.43","1.43","10","2020"
"HDDL","Haddock | large","","10665","1.76","2.04","2.62","10","2020"
"HDDP","Haddock | snapper","","323","0","0.9","0.93","10","2020"
"HDDS","Haddock | scrod","","16755","0","1.72","2.57","10","2020"
"CADM","Cod | market","","2440","0","3.1","4.01","11","2020"
"CADS","Cod | scrod","","12","0","1.81","2","11","2020"
"HDDL","Haddock | large","","11813","0","1.97","2.72","11","2020"
"HDDP","Haddock | snapper","","163","0","1","1.28","11","2020"
"HDDS","Haddock | scrod","","14946","0","1.76","2.37","11","2020"
"CADM","Cod | market","","1502","2.01","2.6","4.97","12","2020"
"CADS","Cod | scrod","","6","1.49","1.53","1.56","12","2020"
"HDDL","Haddock | large","","1824","1.47","2.11","2.52","12","2020"
"HDDP","Haddock | snapper","","295","0.53","0.8","0.99","12","2020"
"HDDS","Haddock | scrod","","11402","1.07","1.57","2.33","12","2020"
"CADM","Cod | market","4109","4109","1.73","2.57","3.92","1","2019"
"CADS","Cod | scrod","24","19","0","1.39","1.39","1","2019"
"HDDL","Haddock | large","6674","6374","1.81","2.31","4.27","1","2019"
"HDDP","Haddock | snapper","3793","3716","0","0.68","0.87","1","2019"
"HDDS","Haddock | scrod","28958","26743","0.81","1.18","2.28","1","2019"
"CADM","Cod | market","4542","1986","0","2.41","2.75","2","2019"
"CADS","Cod | scrod","131","120","0","1.62","1.62","2","2019"
"HDDL","Haddock | large","7882","7282","1.56","1.95","3.42","2","2019"
"HDDP","Haddock | snapper","1113","512","0","0.77","1.01","2","2019"
"HDDS","Haddock | scrod","33794","23917","0","1.03","1.71","2","2019"
"CADM","Cod | market","3811","3182","0","2.55","3.09","3","2019"
"CADS","Cod | scrod","21","0","0","0","0","3","2019"
"HDDL","Haddock | large","2205","2205","1.64","2.4","3","3","2019"
"HDDP","Haddock | snapper","433","419","0","1.15","1.51","3","2019"
"HDDS","Haddock | scrod","6697","6697","1.46","2.09","2.65","3","2019"
"CADM","Cod | market","4624","4420","0","2.94","3.76","4","2019"
"CADS","Cod | scrod","23","7","0","2.48","2.48","4","2019"
"HDDL","Haddock | large","1676","1676","1.9","3.11","4.47","4","2019"
"HDDP","Haddock | snapper","351","254","0","0.84","1.17","4","2019"
"HDDS","Haddock | scrod","5760","5717","1.42","1.95","2.32","4","2019"
"CADM","Cod | market","2232","391","0","2.78","3.09","5","2019"
"CADS","Cod | scrod","14","0","0","0","0","5","2019"
"HDDL","Haddock | large","1839","1827","0","2.65","3.67","5","2019"
"HDDP","Haddock | snapper","683","57","0","1.49","1.78","5","2019"
"HDDS","Haddock | scrod","15366","9808","1.29","1.96","2.39","5","2019"
"CADM","Cod | market","6218","6218","2.63","3.21","5.21","6","2019"
"CADS","Cod | scrod","57","43","0","1.69","1.92","6","2019"
"HDDL","Haddock | large","3475","3467","0","2.63","4.17","6","2019"
"HDDP","Haddock | snapper","1598","1109","0","0.46","0.75","6","2019"
"HDDS","Haddock | scrod","41240","26745","0","1.58","2.26","6","2019"
"CADM","Cod | market","5220","5220","2.09","3.24","4.46","7","2019"
"CADS","Cod | scrod","58","30","0","2.63","2.75","7","2019"
"HDDL","Haddock | large","2002","2002","1.43","2.6","3.1","7","2019"
"HDDP","Haddock | snapper","553","542","0","0.51","0.74","7","2019"
"HDDS","Haddock | scrod","17971","17841","1.09","1.54","2.03","7","2019"
"CADM","Cod | market","3781","3781","2.92","3.76","5.16","8","2019"
"CADS","Cod | scrod","13","5","0","1.53","1.53","8","2019"
"HDDL","Haddock | large","5827","5827","1.71","2.5","4.67","8","2019"
"HDDP","Haddock | snapper","764","282","0","0.66","0.98","8","2019"
"HDDS","Haddock | scrod","26124","18833","0","1.57","2.26","8","2019"
"CADM","Cod | market","5849","5649","2.47","3.88","6.11","9","2019"
"HDDL","Haddock | large","5983","5983","1.51","2.04","3","9","2019"
"HDDP","Haddock | snapper","561","473","0","0.77","1.04","9","2019"
"HDDS","Haddock | scrod","16863","16745","0","1.54","2.27","9","2019"
"CADM","Cod | market","4834","4819","0","3.19","4.82","10","2019"
"CADS","Cod | scrod","9","0","0","0","0","10","2019"
"HDDL","Haddock | large","7492","7489","0","2.03","3.36","10","2019"
"HDDP","Haddock | snapper","4197","3977","0","1","1.61","10","2019"
"HDDS","Haddock | scrod","35278","33856","0","1.47","2.65","10","2019"
"CADM","Cod | market","1159","1159","2.53","3.07","4.21","11","2019"
"HDDL","Haddock | large","2468","2449","0","2.15","2.95","11","2019"
"HDDP","Haddock | snapper","64","57","0","0.77","0.81","11","2019"
"HDDS","Haddock | scrod","5861","5776","0","1.6","2.39","11","2019"
"CADM","Cod | market","4574","4574","3.24","4.2","5.96","12","2019"
"CADS","Cod | scrod","37","37","1.69","3.46","4.02","12","2019"
"HDDL","Haddock | large","2933","2933","1.95","2.6","5.02","12","2019"
"HDDP","Haddock | snapper","647","602","0","0.98","1.41","12","2019"
"HDDS","Haddock | scrod","17406","17014","0","1.63","2.62","12","2019"
"CADM","Cod | market","2250","2128","0","3.61","4.71","1","2018"
"HDDL","Haddock | large","6206","6206","1.69","2.4","3.72","1","2018"
"HDDP","Haddock | snapper","4538","4266","0","1.28","2.17","1","2018"
"HDDS","Haddock | scrod","27720","27284","0","1.89","2.93","1","2018"
"CADM","Cod | market","1539","1486","0","2.58","3.22","2","2018"
"HDDL","Haddock | large","6257","6243","0","2.21","3.01","2","2018"
"HDDP","Haddock | snapper","3411","3266","0","0.69","1.23","2","2018"
"HDDS","Haddock | scrod","29268","28968","0.87","1.25","2.22","2","2018"
"CADM","Cod | market","3827","3525","2.47","3.17","4.82","3","2018"
"HDDL","Haddock | large","5780","5780","1.93","2.73","4.92","3","2018"
"HDDP","Haddock | snapper","1718","1418","0.59","1.17","1.57","3","2018"
"HDDS","Haddock | scrod","46699","28161","0.99","1.66","2.55","3","2018"
"CADM","Cod | market","15321","4710","0","2.45","4.21","4","2018"
"CADS","Cod | scrod","24","3","0","1.49","1.49","4","2018"
"HDDL","Haddock | large","4099","4099","1.86","2.84","4.02","4","2018"
"HDDP","Haddock | snapper","1994","1666","0","0.94","1.3","4","2018"
"HDDS","Haddock | scrod","16467","15556","0","1.53","2.76","4","2018"
"CADM","Cod | market","1363","1363","2.02","2.97","3.42","5","2018"
"CADS","Cod | scrod","3","0","0","0","0","5","2018"
"HDDL","Haddock | large","2257","2257","2.24","2.97","4.67","5","2018"
"HDDP","Haddock | snapper","601","516","0","0.93","1.26","5","2018"
"HDDS","Haddock | scrod","14076","13425","0","1.92","2.53","5","2018"
"CADM","Cod | market","5683","5268","2.26","2.74","4.11","6","2018"
"CADS","Cod | scrod","74","13","0","1.38","1.52","6","2018"
"HDDL","Haddock | large","747","738","0","3.03","5.02","6","2018"
"HDDP","Haddock | snapper","505","248","0","0.68","1.2","6","2018"
"HDDS","Haddock | scrod","6929","5506","0","1.84","2.26","6","2018"
"CADM","Cod | market","5407","4453","0","2.79","4.32","7","2018"
"CADS","Cod | scrod","18","3","0","1.49","1.49","7","2018"
"HDDL","Haddock | large","1060","1019","0","2.93","4.22","7","2018"
"HDDP","Haddock | snapper","918","127","0","0.58","0.98","7","2018"
"HDDS","Haddock | scrod","14231","10911","0","1.73","2.52","7","2018"
"CADM","Cod | market","3313","2888","0","3.62","4.82","8","2018"
"CADS","Cod | scrod","3","0","0","0","0","8","2018"
"HDDL","Haddock | large","4239","4120","1.23","2.41","3.37","8","2018"
"HDDP","Haddock | snapper","3028","934","0","0.85","1.62","8","2018"
"HDDS","Haddock | scrod","41397","30378","0.7","1.65","2.5","8","2018"
"CADM","Cod | market","1066","1058","0","2.85","4.42","9","2018"
"HDDL","Haddock | large","7414","6238","0","2.05","3.23","9","2018"
"HDDP","Haddock | snapper","2825","763","0","0.54","0.73","9","2018"
"HDDS","Haddock | scrod","47412","39624","0","1.19","1.99","9","2018"
"CADM","Cod | market","2721","2516","0","2.91","4.22","10","2018"
"HDDL","Haddock | large","11731","11418","0","1.89","2.72","10","2018"
"HDDP","Haddock | snapper","3750","2379","0","0.62","0.9","10","2018"
"HDDS","Haddock | scrod","63684","53186","0","1","1.66","10","2018"
"CADM","Cod | market","815","722","0","2.45","4.06","11","2018"
"CADS","Cod | scrod","2","0","0","0","0","11","2018"
"HDDL","Haddock | large","11371","11266","1.51","1.96","2.52","11","2018"
"HDDP","Haddock | snapper","2354","2327","0","0.61","0.78","11","2018"
"HDDS","Haddock | scrod","43147","42574","0.73","1.04","1.46","11","2018"
"CADM","Cod | market","6443","4140","0","2.4","4.17","12","2018"
"CADS","Cod | scrod","8","5","0","1.13","1.13","12","2018"
"HDDL","Haddock | large","13647","13340","0","2.21","3.13","12","2018"
"HDDP","Haddock | snapper","3857","2197","0.4","0.77","1.25","12","2018"
"HDDS","Haddock | scrod","71367","65821","0","1.14","2.42","12","2018"
"CADM","Cod | market","4143","4095","0","3.93","5.77","1","2017"
"CADS","Cod | scrod","6","6","3.5","3.5","3.5","1","2017"
"HDDL","Haddock | large","6644","5694","0","2.83","4.52","1","2017"
"HDDP","Haddock | snapper","6161","6158","0","1.07","1.39","1","2017"
"HDDS","Haddock | scrod","23054","23026","0","1.99","2.84","1","2017"
"CADM","Cod | market","2476","2476","2.31","2.64","3.67","2","2017"
"CADS","Cod | scrod","9","9","1.71","1.71","1.71","2","2017"
"HDDL","Haddock | large","5480","5480","1.86","2.55","4.17","2","2017"
"HDDP","Haddock | snapper","2345","2268","0","1.19","1.48","2","2017"
"HDDS","Haddock | scrod","18690","17317","0.94","1.75","2.82","2","2017"
"CADM","Cod | market","1231","1188","0","2.83","3.57","3","2017"
"HDDL","Haddock | large","2001","2001","1.69","2.82","5.47","3","2017"
"HDDP","Haddock | snapper","1861","1861","0.65","1.32","2.3","3","2017"
"HDDS","Haddock | scrod","7132","7130","0","2.05","2.66","3","2017"
"CADM","Cod | market","18582","8414","0","2.52","4.86","4","2017"
"CADS","Cod | scrod","84","37","0","1.49","1.59","4","2017"
"HDDL","Haddock | large","3925","3925","2.18","3.62","5.27","4","2017"
"HDDP","Haddock | snapper","1952","1714","0","0.88","1.53","4","2017"
"HDDS","Haddock | scrod","11505","11286","1","1.82","2.77","4","2017"
"CADM","Cod | market","2510","2366","0","2.51","4.11","5","2017"
"HDDL","Haddock | large","3752","3724","0","2.69","3.52","5","2017"
"HDDP","Haddock | snapper","2089","2079","0","1","1.75","5","2017"
"HDDS","Haddock | scrod","15402","8583","0","2.12","2.85","5","2017"
"CADM","Cod | market","3459","3322","0","3.58","4.77","6","2017"
"CADS","Cod | scrod","9","0","0","0","0","6","2017"
"HDDL","Haddock | large","1893","1878","2.47","3.36","6.16","6","2017"
"HDDP","Haddock | snapper","1217","852","0","1.04","1.42","6","2017"
"HDDS","Haddock | scrod","10827","8411","1.5","2.17","3.52","6","2017"
"CADM","Cod | market","3069","2827","0","2.93","4.87","7","2017"
"CADS","Cod | scrod","55","52","0","2.32","2.32","7","2017"
"HDDL","Haddock | large","2544","2530","0","2.88","4.47","7","2017"
"HDDP","Haddock | snapper","1708","804","0","0.87","1.54","7","2017"
"HDDS","Haddock | scrod","16305","9905","0","1.89","2.9","7","2017"
"CADM","Cod | market","4996","3954","0","2.81","4.62","8","2017"
"CADS","Cod | scrod","18","3","0","2.29","2.29","8","2017"
"HDDL","Haddock | large","4170","4162","0","2.71","4.57","8","2017"
"HDDP","Haddock | snapper","3567","3472","0","0.83","1.3","8","2017"
"HDDS","Haddock | scrod","25556","24101","0","1.63","3","8","2017"
"CADM","Cod | market","3098","2424","0","2.68","3.02","9","2017"
"CADS","Cod | scrod","16","10","0","1.5","1.5","9","2017"
"HDDL","Haddock | large","4568","4568","1.29","2.36","3.97","9","2017"
"HDDP","Haddock | snapper","3663","1843","0","0.69","1.21","9","2017"
"HDDS","Haddock | scrod","24718","20966","0","1.39","1.86","9","2017"
"CADM","Cod | market","2808","2477","0","3.07","4.71","10","2017"
"CADS","Cod | scrod","3","0","0","0","0","10","2017"
"HDDL","Haddock | large","6211","5011","1.46","2.16","3.47","10","2017"
"HDDP","Haddock | snapper","3242","998","0","0.46","0.71","10","2017"
"HDDS","Haddock | scrod","29284","28451","0","0.97","1.81","10","2017"
"CADM","Cod | market","640","640","2.53","3.41","3.97","11","2017"
"HDDL","Haddock | large","4216","3716","1.43","2.06","2.87","11","2017"
"HDDP","Haddock | snapper","373","141","0","0.82","1.16","11","2017"
"HDDS","Haddock | scrod","15937","13014","0","1.17","2.22","11","2017"
"CADM","Cod | market","1901","1901","2.41","3.68","6.16","12","2017"
"HDDL","Haddock | large","4456","4176","2.02","3.49","4.62","12","2017"
"HDDP","Haddock | snapper","6400","6317","0","0.68","1.01","12","2017"
"HDDS","Haddock | scrod","29701","26900","0.82","1.57","2.61","12","2017"
"CADM","Cod | market","11217","11217","2.01","2.66","3.52","1","2016"
"CADS","Cod | scrod","1179","1179","1.33","1.99","2.5","1","2016"
"HDDL","Haddock | large","10998","9789","0","2.4","3.14","1","2016"
"HDDP","Haddock | snapper","1946","1877","0","1.22","1.38","1","2016"
"HDDS","Haddock | scrod","30058","29729","0","1.9","2.86","1","2016"
"CADM","Cod | market","17809","11784","0","1.75","3.37","2","2016"
"CADS","Cod | scrod","70","42","0","1.25","1.44","2","2016"
"HDDL","Haddock | large","6243","5840","0","2.02","3.67","2","2016"
"HDDP","Haddock | snapper","965","915","0","1.26","1.48","2","2016"
"HDDS","Haddock | scrod","16773","16605","0","1.56","2.37","2","2016"
"CADM","Cod | market","12389","11189","1.88","2.62","4.27","3","2016"
"CADS","Cod | scrod","153","153","1.4","1.97","2.3","3","2016"
"HDDL","Haddock | large","2675","2675","2.15","2.74","3.67","3","2016"
"HDDP","Haddock | snapper","279","252","0","1.07","1.42","3","2016"
"HDDS","Haddock | scrod","4561","4381","0","1.97","2.52","3","2016"
"CADM","Cod | market","26057","9645","0","2.43","3.47","4","2016"
"CADS","Cod | scrod","276","115","0","1.62","1.8","4","2016"
"HDDL","Haddock | large","2971","2971","2.59","3.32","4.97","4","2016"
"HDDP","Haddock | snapper","739","713","0","1.21","1.73","4","2016"
"HDDS","Haddock | scrod","9697","9302","0","2.92","3.77","4","2016"
"CADM","Cod | market","5620","2251","1.56","2.47","4.11","5","2016"
"CADS","Cod | scrod","205","5","0","2.96","2.96","5","2016"
"HDDL","Haddock | large","3609","3609","2.16","2.79","4.02","5","2016"
"HDDP","Haddock | snapper","647","601","0","0.77","1.15","5","2016"
"HDDS","Haddock | scrod","12584","12584","1.3","1.66","2.35","5","2016"
"CADM","Cod | market","2483","2483","2.25","3.22","4.27","6","2016"
"CADS","Cod | scrod","102","102","1.34","2.28","2.46","6","2016"
"HDDL","Haddock | large","2467","2193","2.42","3.15","4.22","6","2016"
"HDDP","Haddock | snapper","1046","901","0","1.07","1.55","6","2016"
"HDDS","Haddock | scrod","9990","9990","1.26","2.02","3.27","6","2016"
"CADM","Cod | market","4706","4706","2.65","3.5","4.36","7","2016"
"CADS","Cod | scrod","45","31","0","2.35","2.5","7","2016"
"HDDL","Haddock | large","2158","2158","2.11","2.7","4.02","7","2016"
"HDDP","Haddock | snapper","776","619","0","0.86","1.11","7","2016"
"HDDS","Haddock | scrod","8233","7859","0","1.51","2.04","7","2016"
"CADM","Cod | market","8490","3759","0","2.82","3.42","8","2016"
"CADS","Cod | scrod","276","254","0","1.23","2.31","8","2016"
"HDDL","Haddock | large","4193","3293","1.38","2.54","3.57","8","2016"
"HDDP","Haddock | snapper","1314","1116","0","1.11","1.83","8","2016"
"HDDS","Haddock | scrod","14541","14505","0","1.93","3.02","8","2016"
"CADM","Cod | market","6002","3274","0","2.47","3.47","9","2016"
"CADS","Cod | scrod","69","11","0","1.08","1.08","9","2016"
"HDDL","Haddock | large","4755","4286","0","2.3","3.12","9","2016"
"HDDP","Haddock | snapper","2863","2859","0","1.06","1.56","9","2016"
"HDDS","Haddock | scrod","15984","15975","0","1.81","2.64","9","2016"
"CADM","Cod | market","3075","3038","0","2.75","4.02","10","2016"
"CADS","Cod | scrod","3","3","1.56","1.56","1.56","10","2016"
"HDDL","Haddock | large","5562","5182","0","2.45","5.02","10","2016"
"HDDP","Haddock | snapper","2428","2369","0","0.59","1.06","10","2016"
"HDDS","Haddock | scrod","12886","10764","0","1.51","2.42","10","2016"
"CADM","Cod | market","1781","1512","0","3.02","3.72","11","2016"
"HDDL","Haddock | large","7314","6414","1.6","2.22","2.95","11","2016"
"HDDP","Haddock | snapper","3597","3520","0","0.84","1.53","11","2016"
"HDDS","Haddock | scrod","18447","18428","0","1.77","2.67","11","2016"
"CADM","Cod | market","3685","3531","0","3.24","5.76","12","2016"
"CADS","Cod | scrod","8","2","0","1.51","1.51","12","2016"
"HDDL","Haddock | large","9025","9025","1.97","3.05","4.17","12","2016"
"HDDP","Haddock | snapper","8550","8514","0","1.16","1.59","12","2016"
"HDDS","Haddock | scrod","23046","22560","0","2.26","3.97","12","2016"
"CADM","Cod | market","14822","10132","1.53","2.05","5.01","1","2015"
"CADS","Cod | scrod","71","69","0","1.56","2.22","1","2015"
"HDDL","Haddock | large","4051","4051","1.77","2.51","5.62","1","2015"
"HDDP","Haddock | snapper","31","11","0","1.08","1.19","1","2015"
"HDDS","Haddock | scrod","1292","1292","1.07","1.85","2.59","1","2015"
"CADM","Cod | market","8931","8931","2.02","2.56","4.52","2","2015"
"CADS","Cod | scrod","359","356","0","1.85","2.49","2","2015"
"HDDL","Haddock | large","4992","4992","2","2.66","4.37","2","2015"
"HDDP","Haddock | snapper","637","637","0.71","1.43","2.36","2","2015"
"HDDS","Haddock | scrod","17307","17293","0","2.27","3.72","2","2015"
"CADM","Cod | market","24279","21828","0","2.28","4.37","3","2015"
"CADS","Cod | scrod","359","353","0","1.86","2.47","3","2015"
"HDDL","Haddock | large","6372","6372","1.49","2.42","5.27","3","2015"
"HDDP","Haddock | snapper","395","339","0","1.46","1.75","3","2015"
"HDDS","Haddock | scrod","21678","21621","0","1.93","2.32","3","2015"
"CADM","Cod | market","24783","23283","1.57","2.21","4.12","4","2015"
"CADS","Cod | scrod","339","313","0","1.99","2.31","4","2015"
"HDDL","Haddock | large","6773","6773","1.99","2.56","4.07","4","2015"
"HDDP","Haddock | snapper","339","215","0","0.64","1.1","4","2015"
"HDDS","Haddock | scrod","16547","16472","0","1.57","2.35","4","2015"
"CADM","Cod | market","9821","9821","1.5","1.85","3.02","5","2015"
"CADS","Cod | scrod","576","576","1.19","1.42","1.53","5","2015"
"HDDL","Haddock | large","1327","1313","0","2.99","4.32","5","2015"
"HDDP","Haddock | snapper","3052","3022","0","0.85","1.03","5","2015"
"HDDS","Haddock | scrod","11562","11333","0","1.55","2.79","5","2015"
"CADM","Cod | market","3817","3817","2.25","2.76","3.67","6","2015"
"CADS","Cod | scrod","21","21","1.15","1.93","2.18","6","2015"
"HDDL","Haddock | large","649","649","2.11","2.9","4.07","6","2015"
"HDDP","Haddock | snapper","47","37","0","0.96","0.97","6","2015"
"HDDS","Haddock | scrod","3425","3425","1.02","1.78","2.33","6","2015"
"CADM","Cod | market","10226","7582","1.9","2.69","4.02","7","2015"
"CADS","Cod | scrod","56","45","0","1.93","2.09","7","2015"
"HDDL","Haddock | large","2805","2761","2.35","2.7","3.47","7","2015"
"HDDP","Haddock | snapper","842","641","0","0.89","1.44","7","2015"
"HDDS","Haddock | scrod","14695","14622","0","1.54","2.56","7","2015"
"CADM","Cod | market","7504","5489","1.5","2.33","3.72","8","2015"
"CADS","Cod | scrod","144","144","1.38","1.4","1.8","8","2015"
"HDDL","Haddock | large","3826","3504","0","2.31","4.42","8","2015"
"HDDP","Haddock | snapper","1611","1458","0","0.58","1.19","8","2015"
"HDDS","Haddock | scrod","21861","21285","0","1.37","1.72","8","2015"
"CADM","Cod | market","11711","11296","0","2.37","3.97","9","2015"
"CADS","Cod | scrod","12","10","0","1.21","1.61","9","2015"
"HDDL","Haddock | large","2004","1771","1.7","2.33","6.02","9","2015"
"HDDP","Haddock | snapper","277","237","0","0.64","0.73","9","2015"
"HDDS","Haddock | scrod","8927","8844","0","1.36","1.85","9","2015"
"CADM","Cod | market","5501","5201","1.41","2.26","4.52","10","2015"
"CADS","Cod | scrod","12","12","0.78","1.66","2.06","10","2015"
"HDDL","Haddock | large","3883","3657","0","1.94","3.62","10","2015"
"HDDP","Haddock | snapper","723","377","0","0.67","0.88","10","2015"
"HDDS","Haddock | scrod","9875","8303","0","1.22","2.55","10","2015"
"CADM","Cod | market","4458","4443","0","2.78","4.67","11","2015"
"CADS","Cod | scrod","3","0","0","0","0","11","2015"
"HDDL","Haddock | large","11573","11573","1.74","2.04","3.77","11","2015"
"HDDP","Haddock | snapper","1276","935","0","0.87","1.15","11","2015"
"HDDS","Haddock | scrod","22878","22562","0","1.46","2.87","11","2015"
"CADM","Cod | market","32821","29821","1.87","2.19","4.37","12","2015"
"CADS","Cod | scrod","8546","8546","1.15","1.23","2","12","2015"
"HDDL","Haddock | large","14344","14344","1.53","2.01","3.26","12","2015"
"HDDP","Haddock | snapper","4178","1809","0","0.79","1.01","12","2015"
"HDDS","Haddock | scrod","52727","42890","0","1.46","3.21","12","2015"
"CADM","Cod | market","13070","13070","1.78","3.02","5.47","1","2014"
"CADS","Cod | scrod","2238","2238","1.02","2.04","2.86","1","2014"
"HDDL","Haddock | large","3906","3906","1.67","2.45","4.52","1","2014"
"HDDP","Haddock | snapper","1489","1489","0.89","1.01","1.08","1","2014"
"HDDS","Haddock | scrod","14818","14818","1.17","1.5","2.94","1","2014"
"CADM","Cod | market","11270","10336","0","2.07","3.04","2","2014"
"CADS","Cod | scrod","798","798","0.94","1.47","2.12","2","2014"
"HDDL","Haddock | large","7219","7105","1.63","2.34","3.62","2","2014"
"HDDP","Haddock | snapper","714","714","0.5","1.28","2.03","2","2014"
"HDDS","Haddock | scrod","14922","14922","0.85","1.94","2.81","2","2014"
"CADM","Cod | market","26510","21232","1.4","2.02","3.07","3","2014"
"CADS","Cod | scrod","307","307","1.17","1.6","2.11","3","2014"
"HDDL","Haddock | large","5485","5485","2.34","2.66","3.77","3","2014"
"HDDP","Haddock | snapper","396","396","0.78","1.04","1.49","3","2014"
"HDDS","Haddock | scrod","14148","14148","1.03","1.47","2.52","3","2014"
"CADM","Cod | market","21853","21853","2.47","3.21","4.57","4","2014"
"CADS","Cod | scrod","563","563","1.27","2.09","2.45","4","2014"
"HDDL","Haddock | large","2538","2538","2.43","3.36","5.07","4","2014"
"HDDP","Haddock | snapper","1415","1406","0","0.42","0.75","4","2014"
"HDDS","Haddock | scrod","17892","17892","0.9","1.11","2.58","4","2014"
"CADM","Cod | market","24733","23533","1.51","2.49","4.87","5","2014"
"CADS","Cod | scrod","737","737","1","1.54","2.3","5","2014"
"HDDL","Haddock | large","955","950","0","3.96","5.72","5","2014"
"HDDP","Haddock | snapper","104","66","0","1.18","1.44","5","2014"
"HDDS","Haddock | scrod","2639","2639","1.16","1.84","2.69","5","2014"
"CADM","Cod | market","44360","43651","1.71","2.54","4.76","6","2014"
"CADS","Cod | scrod","588","530","0","1.99","2.65","6","2014"
"HDDL","Haddock | large","1010","1001","0","3.48","4.67","6","2014"
"HDDP","Haddock | snapper","99","99","0.6","0.75","1.08","6","2014"
"HDDS","Haddock | scrod","2800","2715","0","2.05","2.76","6","2014"
"CADM","Cod | market","34785","34185","0","3.01","4.77","7","2014"
"CADS","Cod | scrod","1140","1084","0","2.16","3.22","7","2014"
"HDDL","Haddock | large","917","917","2.24","3.39","4.82","7","2014"
"HDDP","Haddock | snapper","198","191","0","0.67","1","7","2014"
"HDDS","Haddock | scrod","4593","3779","0","1.78","2.75","7","2014"
"CADM","Cod | market","23767","22274","1.81","3.05","4.72","8","2014"
"CADS","Cod | scrod","296","273","0","2.17","2.67","8","2014"
"HDDL","Haddock | large","1391","737","0","2.6","3.77","8","2014"
"HDDP","Haddock | snapper","254","99","0","0.76","0.82","8","2014"
"HDDS","Haddock | scrod","6305","2337","0","1.58","1.82","8","2014"
"CADM","Cod | market","25827","22789","1.55","2.66","5.37","9","2014"
"CADS","Cod | scrod","1143","1108","0","2.06","2.34","9","2014"
"HDDL","Haddock | large","940","788","0","2.42","3.16","9","2014"
"HDDP","Haddock | snapper","1767","1763","0","0.83","0.89","9","2014"
"HDDS","Haddock | scrod","12568","12359","0","1.44","1.83","9","2014"
"CADM","Cod | market","46070","39474","1.41","2.3","4.42","10","2014"
"CADS","Cod | scrod","5888","5873","0","1.37","2.53","10","2014"
"HDDL","Haddock | large","1740","1604","0","2.24","2.82","10","2014"
"HDDP","Haddock | snapper","1192","1176","0","1.15","1.4","10","2014"
"HDDS","Haddock | scrod","13645","13494","0","1.64","1.86","10","2014"
"CADM","Cod | market","28438","24799","1.06","1.62","3.92","11","2014"
"CADS","Cod | scrod","1838","1676","0","1.4","2.13","11","2014"
"HDDL","Haddock | large","5232","4663","0","1.96","2.81","11","2014"
"HDDP","Haddock | snapper","2303","2290","0","1.23","1.42","11","2014"
"HDDS","Haddock | scrod","22359","22262","0","1.51","2.27","11","2014"
"CADM","Cod | market","13634","13489","1.99","2.9","4.91","12","2014"
"CADS","Cod | scrod","562","559","0","2.23","2.41","12","2014"
"HDDL","Haddock | large","9967","9617","0","2.17","3.92","12","2014"
"HDDP","Haddock | snapper","8931","8928","0","0.57","1.36","12","2014"
"HDDS","Haddock | scrod","58088","58080","0","1.23","3.08","12","2014"
"CADM","Cod | market","7813","7813","2.51","3.37","7.21","1","2013"
"CADS","Cod | scrod","205","205","1.7","2.88","6.41","1","2013"
"HDDL","Haddock | large","2006","2006","1.8","3.22","5.86","1","2013"
"HDDS","Haddock | scrod","1157","1157","1.5","2.44","5.06","1","2013"
"CADM","Cod | market","12186","11034","2.01","2.7","3.67","2","2013"
"CADS","Cod | scrod","97","97","1.51","2.02","2.51","2","2013"
"HDDL","Haddock | large","7565","7565","1.78","3.03","3.42","2","2013"
"HDDS","Haddock | scrod","5945","5945","1.61","2.99","3.42","2","2013"
"CADM","Cod | market","16906","16906","2.27","2.83","4.16","3","2013"
"CADS","Cod | scrod","286","286","1.32","2.13","3.03","3","2013"
"HDDL","Haddock | large","5554","5534","2.82","3.3","4.62","3","2013"
"HDDS","Haddock | scrod","3844","3844","2.32","2.87","3.32","3","2013"
"CADM","Cod | market","22529","21629","1.99","3.29","5.17","4","2013"
"CADS","Cod | scrod","822","822","1.42","2.01","3.52","4","2013"
"HDDL","Haddock | large","4146","4146","2.38","3.26","5.32","4","2013"
"HDDS","Haddock | scrod","2627","2618","2.37","3.02","3.87","4","2013"
"CADM","Cod | market","8631","8631","2.23","3.5","4.77","5","2013"
"CADS","Cod | scrod","211","211","1.99","2.33","2.95","5","2013"
"HDDL","Haddock | large","814","808","0","2.93","3.77","5","2013"
"HDDS","Haddock | scrod","1557","1546","0","2.46","2.71","5","2013"
"CADM","Cod | market","20975","20903","1.9","2.78","4.42","6","2013"
"CADS","Cod | scrod","220","217","0","1.87","2.4","6","2013"
"HDDL","Haddock | large","290","290","2.24","3.35","4.07","6","2013"
"HDDS","Haddock | scrod","1040","1028","0","3.1","3.72","6","2013"
"CADM","Cod | market","19286","19010","2.11","3.54","6.16","7","2013"
"CADS","Cod | scrod","291","285","0","1.89","2.64","7","2013"
"HDDL","Haddock | large","167","146","0","3.42","5.27","7","2013"
"HDDS","Haddock | scrod","287","155","0","2.3","3.15","7","2013"
"CADM","Cod | market","23317","23245","2","2.94","4.22","8","2013"
"CADS","Cod | scrod","383","374","0","1.99","2.12","8","2013"
"HDDL","Haddock | large","125","118","0","3.11","4.42","8","2013"
"HDDS","Haddock | scrod","310","308","0","1.83","2.41","8","2013"
"CADM","Cod | market","25508","25208","1.77","2.83","4.17","9","2013"
"CADS","Cod | scrod","1756","1750","0","1.95","3.92","9","2013"
"HDDL","Haddock | large","2223","2223","1.69","2.68","4.07","9","2013"
"HDDP","Haddock | snapper","24894","5133","0.5","0.93","1.33","9","2013"
"HDDS","Haddock | scrod","14624","14519","0.8","1.66","2.48","9","2013"
"CADM","Cod | market","21242","19639","1.51","2.39","4.62","10","2013"
"CADS","Cod | scrod","601","447","0","1.71","2.04","10","2013"
"HDDL","Haddock | large","1934","1930","0","2.33","4.62","10","2013"
"HDDS","Haddock | scrod","4824","4796","0","1.64","2.09","10","2013"
"CADM","Cod | market","12301","12255","1.83","2.61","5.52","11","2013"
"CADS","Cod | scrod","197","153","0","1.75","2.03","11","2013"
"HDDL","Haddock | large","491","487","0","2.51","4.37","11","2013"
"HDDS","Haddock | scrod","860","859","0","1.87","2.33","11","2013"
"CADM","Cod | market","26858","26611","1.73","2.65","4.67","12","2013"
"CADS","Cod | scrod","4577","4574","0","1.88","2.84","12","2013"
"HDDL","Haddock | large","4663","4650","0","2.96","7.07","12","2013"
"HDDP","Haddock | snapper","615","615","1.46","1.52","1.68","12","2013"
"HDDS","Haddock | scrod","7117","7117","1.07","2.44","3.02","12","2013"
"CADM","Cod | market","9535","9535","2.27","2.7","3.24","1","2012"
"CADS","Cod | scrod","62","62","1.6","1.92","2.44","1","2012"
"HDDL","Haddock | large","705","705","2.01","3.23","4.97","1","2012"
"HDDS","Haddock | scrod","409","276","0","1.7","2.1","1","2012"
"CADM","Cod | market","8739","8439","2","2.57","3.62","2","2012"
"CADS","Cod | scrod","164","164","1.6","1.98","2.37","2","2012"
"HDDL","Haddock | large","5602","5602","1.7","2.29","3.52","2","2012"
"HDDS","Haddock | scrod","3318","3318","1.36","1.96","2.12","2","2012"
"CADM","Cod | market","34374","34374","1.87","2.39","3.67","3","2012"
"CADS","Cod | scrod","119","119","1.28","2.05","2.4","3","2012"
"HDDL","Haddock | large","3297","3297","2.29","3.02","4.17","3","2012"
"HDDS","Haddock | scrod","1172","1169","0","2.56","3.47","3","2012"
"CADM","Cod | market","27236","26636","2.43","3.48","4.87","4","2012"
"CADS","Cod | scrod","200","197","0","2.28","3.03","4","2012"
"HDDL","Haddock | large","631","631","2.04","4.15","5.57","4","2012"
"HDDS","Haddock | scrod","557","557","1.19","2.31","2.77","4","2012"
"CADM","Cod | market","8759","8759","2.22","3.26","4.62","5","2012"
"CADS","Cod | scrod","134","134","1.38","2.23","2.8","5","2012"
"HDDL","Haddock | large","147","147","2.23","2.96","3.21","5","2012"
"HDDS","Haddock | scrod","125","125","1.48","1.98","2.43","5","2012"
"CADM","Cod | market","70080","70080","1.69","2.64","4.57","6","2012"
"CADS","Cod | scrod","1021","1021","1.56","2.3","3.57","6","2012"
"HDDL","Haddock | large","754","754","1.5","3.35","5.32","6","2012"
"HDDS","Haddock | scrod","1159","1159","1.64","2.48","3.62","6","2012"
"CADM","Cod | market","86950","80094","1.99","3.14","4.72","7","2012"
"CADS","Cod | scrod","1028","908","0","2.35","3.18","7","2012"
"HDDL","Haddock | large","1371","1371","1.55","2.56","4.02","7","2012"
"HDDS","Haddock | scrod","2055","2050","1.38","2.13","3.06","7","2012"
"CADM","Cod | market","79505","75205","1.07","3","5.32","8","2012"
"CADS","Cod | scrod","576","538","0","2.18","3.82","8","2012"
"HDDL","Haddock | large","2648","2648","1.74","2.49","4.72","8","2012"
"HDDS","Haddock | scrod","2305","2137","0","1.86","4.07","8","2012"
"CADM","Cod | market","41125","40826","2.25","3.43","4.62","9","2012"
"CADS","Cod | scrod","181","174","0","2.48","3.05","9","2012"
"HDDL","Haddock | large","963","963","1.7","3.27","4.72","9","2012"
"HDDS","Haddock | scrod","724","696","0","2.85","4.52","9","2012"
"CADM","Cod | market","24911","24721","1.97","2.93","4.57","10","2012"
"CADS","Cod | scrod","223","207","0","2.1","2.74","10","2012"
"HDDL","Haddock | large","1999","814","0","3.17","4.67","10","2012"
"HDDS","Haddock | scrod","3936","2477","0","2.73","3.87","10","2012"
"CADM","Cod | market","36974","35654","1.05","1.65","3.1","11","2012"
"CADS","Cod | scrod","203","194","0","1.81","2.1","11","2012"
"HDDL","Haddock | large","531","527","0","2.99","4.07","11","2012"
"HDDS","Haddock | scrod","339","339","1.93","2.49","2.81","11","2012"
"CADM","Cod | market","12916","12901","1.1","2.22","5.96","12","2012"
"CADS","Cod | scrod","192","192","0.98","2.15","3.85","12","2012"
"HDDL","Haddock | large","2607","2607","2.21","5.71","6.92","12","2012"
"HDDS","Haddock | scrod","455","455","1.71","3.34","4.42","12","2012"
"CADM","Cod | market","16511","16511","1.61","2.06","2.75","1","2011"
"CADS","Cod | scrod","23","23","1.37","1.5","1.65","1","2011"
"CASX","Cod | scaler","30","30","1.34","1.34","1.34","1","2011"
"HDDL","Haddock | large","695","695","1.44","1.82","2.05","1","2011"
"HDDS","Haddock | scrod","308","308","1","1.44","1.76","1","2011"
"CADM","Cod | market","1574","1559","0","2.36","2.77","2","2011"
"HDDL","Haddock | large","270","270","2.5","2.5","2.5","2","2011"
"HDDS","Haddock | scrod","55","55","2.09","2.09","2.09","2","2011"
"CADM","Cod | market","12429","11972","1.75","2.23","3.06","3","2011"
"CADS","Cod | scrod","41","41","1.34","1.43","1.93","3","2011"
"HDDL","Haddock | large","1167","1164","0","2.88","4.27","3","2011"
"HDDS","Haddock | scrod","489","489","1.02","1.85","2.9","3","2011"
"CADM","Cod | market","30452","30152","1.84","2.84","4.77","4","2011"
"CADS","Cod | scrod","132","132","1.08","2.12","2.8","4","2011"
"HDDL","Haddock | large","506","506","1.55","3.49","6.62","4","2011"
"HDDS","Haddock | scrod","350","350","0.79","1.35","2.17","4","2011"
"CADM","Cod | market","62354","58851","1.37","1.83","3.04","5","2011"
"CADS","Cod | scrod","606","597","0","1.38","1.57","5","2011"
"HDDL","Haddock | large","2675","2675","1.5","2.46","3.97","5","2011"
"HDDS","Haddock | scrod","2959","2959","0.93","1.81","2.48","5","2011"
"CADM","Cod | market","94735","88087","1.16","1.78","2.95","6","2011"
"CADS","Cod | scrod","709","670","0","1.39","2.25","6","2011"
"HDDL","Haddock | large","567","553","0","2.48","3.27","6","2011"
"HDDS","Haddock | scrod","449","444","0","1.69","2.4","6","2011"
"CADM","Cod | market","151197","150897","1.05","2.13","2.98","7","2011"
"CADS","Cod | scrod","542","542","0.99","1.75","2.33","7","2011"
"HDDL","Haddock | large","331","331","1.75","2.66","3.52","7","2011"
"HDDS","Haddock | scrod","1256","1256","1.04","1.89","2.32","7","2011"
"CADM","Cod | market","89438","87559","1.67","2.58","4.07","8","2011"
"CADS","Cod | scrod","84","84","1.16","1.88","2.81","8","2011"
"HDDL","Haddock | large","273","273","1.3","2.07","3.02","8","2011"
"HDDS","Haddock | scrod","504","457","0","1.36","1.79","8","2011"
"CADM","Cod | market","68892","66442","1.52","2.29","3.67","9","2011"
"CADS","Cod | scrod","156","156","1.26","1.74","2.02","9","2011"
"HDDL","Haddock | large","796","792","0","2.14","2.45","9","2011"
"HDDS","Haddock | scrod","1032","1027","0","1.69","2.05","9","2011"
"CADM","Cod | market","59485","58793","1.57","2.33","3.42","10","2011"
"CADS","Cod | scrod","280","280","1.3","1.93","2.35","10","2011"
"HDDL","Haddock | large","1515","1413","1.1","2.89","4.12","10","2011"
"HDDS","Haddock | scrod","827","827","1.35","1.99","2.76","10","2011"
"CADM","Cod | market","61083","59283","1.16","1.99","3.01","11","2011"
"CADS","Cod | scrod","50","50","1.19","1.63","2.18","11","2011"
"HDDL","Haddock | large","86","82","0","2.51","3.12","11","2011"
"HDDS","Haddock | scrod","88","88","1.42","1.98","3.13","11","2011"
"CADM","Cod | market","16012","16012","1.67","2.62","3.96","12","2011"
"CADS","Cod | scrod","124","124","1.34","2.73","3.2","12","2011"
"HDDL","Haddock | large","161","161","1.73","3.26","3.92","12","2011"
"HDDS","Haddock | scrod","143","137","0","2.17","2.6","12","2011"
"CADM","Cod | market","15306","15306","0.83","1.11","1.52","1","2010"
"CADS","Cod | scrod","26","26","0.71","0.89","1.4","1","2010"
"HDDL","Haddock | large","788","788","1.03","1.25","1.56","1","2010"
"HDDS","Haddock | scrod","319","319","0.97","1.02","1.12","1","2010"
"CADM","Cod | market","11513","11513","1.27","1.8","2.16","2","2010"
"CADS","Cod | scrod","9","9","1.41","1.57","1.65","2","2010"
"HDDL","Haddock | large","218","218","1.53","1.81","2.07","2","2010"
"HDDS","Haddock | scrod","80","80","1.31","1.55","1.87","2","2010"
"CADM","Cod | market","16966","16966","1.14","1.6","2.43","3","2010"
"CADS","Cod | scrod","36","36","0.97","1.2","1.99","3","2010"
"HDDL","Haddock | large","405","405","1.07","1.67","2.49","3","2010"
"HDDS","Haddock | scrod","184","88","0","1.14","1.72","3","2010"
"CADM","Cod | market","82442","81142","1.4","2.26","3.77","4","2010"
"CADS","Cod | scrod","463","463","1.05","1.53","2.51","4","2010"
"CASX","Cod | scaler","18","18","0.7","0.7","0.7","4","2010"
"HDDL","Haddock | large","849","849","1.26","1.92","2.52","4","2010"
"HDDS","Haddock | scrod","463","463","0.49","0.86","1.27","4","2010"
"CADM","Cod | market","16238","15139","0","1.7","3.77","5","2010"
"CADS","Cod | scrod","314","314","0.83","1.05","2.33","5","2010"
"HDDL","Haddock | large","434","434","1.5","1.9","2.6","5","2010"
"HDDS","Haddock | scrod","193","184","0","1.35","2.13","5","2010"
"CADM","Cod | market","46865","46865","1.21","1.78","3.57","6","2010"
"CADS","Cod | scrod","463","463","0.98","1.61","2.72","6","2010"
"HDDL","Haddock | large","2564","2564","1.24","1.96","2.23","6","2010"
"HDDS","Haddock | scrod","10815","10815","0.77","1.43","1.94","6","2010"
"CADM","Cod | market","96161","96096","1.08","2.02","2.81","7","2010"
"CADS","Cod | scrod","115","115","0.94","1.49","1.82","7","2010"
"HDDL","Haddock | large","3087","3055","0","1.61","2.73","7","2010"
"HDDS","Haddock | scrod","18638","18600","0","1","1.92","7","2010"
"CADM","Cod | market","71558","71507","1.37","2.39","3.23","8","2010"
"CADS","Cod | scrod","57","57","1.15","1.46","1.85","8","2010"
"HDDL","Haddock | large","407","403","0","1.5","1.76","8","2010"
"HDDS","Haddock | scrod","528","528","0.61","0.93","1.19","8","2010"
"CADM","Cod | market","64123","63639","1.01","2.22","3.52","9","2010"
"CADS","Cod | scrod","93","69","0","1.33","1.64","9","2010"
"HDDL","Haddock | large","1471","1467","0","1.67","1.82","9","2010"
"HDDS","Haddock | scrod","10546","10536","0","0.91","1.23","9","2010"
"CADM","Cod | market","57421","55496","1.34","2.3","3.87","10","2010"
"CADS","Cod | scrod","56","56","1.01","1.7","2.09","10","2010"
"HDDL","Haddock | large","496","496","1.33","2.12","2.3","10","2010"
"HDDS","Haddock | scrod","3842","3839","0","1.36","1.76","10","2010"
"CADM","Cod | market","41464","41464","1.3","2.12","3.1","11","2010"
"CADS","Cod | scrod","9","9","1.29","1.67","2.21","11","2010"
"HDDL","Haddock | large","430","430","1.13","2.59","3.01","11","2010"
"HDDS","Haddock | scrod","211","211","0.97","1.63","2.25","11","2010"
"CADM","Cod | market","30902","30902","1.07","1.92","3.77","12","2010"
"CADS","Cod | scrod","36","36","0.83","1.22","1.47","12","2010"
"CASX","Cod | scaler","89","89","0.89","0.89","0.89","12","2010"
"HDDL","Haddock | large","7020","7020","1.28","1.45","2.79","12","2010"
"HDDS","Haddock | scrod","36755","36755","0.99","1.13","1.73","12","2010"
